wavelength,transmission
607.3,0.0824
607.35,0.0939
607.4,0.0787
607.45,0.1035
607.5,0.0712
607.55,0.0794
607.6,0.1009
607.65,0.0841
607.7,0.0889
607.75,0.0439
607.8,0.0884
607.85,0.1057
607.9,0.1161
607.95,0.0858
608,0.0717
608.05,0.1085
608.1,0.0939
608.15,0.103
608.2,0.1027
608.25,0.0805
608.3,0.0831
608.35,0.1088
608.4,0.1005
608.45,0.0767
608.5,0.092
608.55,0.0755
608.6,0.0862
608.65,0.1045
608.7,0.1125
608.75,0.1068
608.8,0.0964
608.85,0.1106
608.9,0.1134
608.95,0.0919
609,0.1147
609.05,0.1105
609.1,0.1171
609.15,0.1166
609.2,0.0975
609.25,0.1113
609.3,0.1094
609.35,0.1317
609.4,0.1379
609.45,0.1335
609.5,0.1444
609.55,0.1323
609.6,0.1103
609.65,0.1487
609.7,0.1564
609.75,0.1551
609.8,0.155
609.85,0.1705
609.9,0.1672
609.95,0.1258
610,0.133
610.05,0.1428
610.1,0.162
610.15,0.1656
610.2,0.1843
610.25,0.194
610.3,0.1811
610.35,0.1908
610.4,0.1628
610.45,0.176
610.5,0.2049
610.55,0.1959
610.6,0.2186
610.65,0.2341
610.7,0.2504
610.75,0.2322
610.8,0.2292
610.85,0.2409
610.9,0.2355
610.95,0.249
611,0.2984
611.05,0.284
611.1,0.2854
611.15,0.2927
611.2,0.2823
611.25,0.3015
611.3,0.3269
611.35,0.3337
611.4,0.3787
611.45,0.3949
611.5,0.3853
611.55,0.3833
611.6,0.4298
611.65,0.467
611.7,0.4692
611.75,0.4981
611.8,0.5129
611.85,0.5428
611.9,0.5865
611.95,0.6077
612,0.629
612.05,0.6324
612.1,0.7459
612.15,0.748
612.2,0.815
612.25,0.8657
612.3,0.892
612.35,0.9285
612.4,1.01
612.45,1.0616
612.5,1.1343
612.55,1.2479
612.6,1.2852
612.65,1.3584
612.7,1.489
612.75,1.5699
612.8,1.699
612.85,1.8128
612.9,1.9565
612.95,2.1121
613,2.2822
613.05,2.4738
613.1,2.6485
613.15,2.9025
613.2,3.1073
613.25,3.388
613.3,3.6499
613.35,3.9427
613.4,4.3108
613.45,4.6652
613.5,4.9989
613.55,5.5283
613.6,5.9813
613.65,6.5033
613.7,7.1314
613.75,7.7739
613.8,8.3984
613.85,9.1871
613.9,10.0736
613.95,10.8755
614,11.9132
614.05,13.0402
614.1,13.9753
614.15,15.3119
614.2,16.5884
614.25,17.9287
614.3,19.597
614.35,21.4054
614.4,22.8304
614.45,24.9109
614.5,27.0054
614.55,28.6829
614.6,30.9226
614.65,33.2495
614.7,35.3898
614.75,37.8594
614.8,40.3831
614.85,42.72
614.9,44.9671
614.95,47.5569
615,49.9864
615.05,52.203
615.1,54.7069
615.15,57.078
615.2,58.8828
615.25,60.8594
615.3,62.662
615.35,64.4119
615.4,66.232
615.45,68.2963
615.5,69.4221
615.55,70.8045
615.6,72.2034
615.65,73.4397
615.7,74.4796
615.75,75.5385
615.8,76.0362
615.85,76.812
615.9,77.7408
615.95,78.4357
616,78.7422
616.05,79.3253
616.1,79.8358
616.15,80.3452
616.2,80.8023
616.25,80.7372
616.3,81.0416
616.35,81.5797
616.4,81.9136
616.45,82.0703
616.5,82.4872
616.55,82.4652
616.6,82.5696
616.65,82.647
616.7,82.764
616.75,82.8444
616.8,82.7465
616.85,82.4404
616.9,82.6908
616.95,82.8926
617,83.1894
617.05,83.3542
617.1,83.3569
617.15,83.2381
617.2,83.3289
617.25,83.2983
617.3,83.3072
617.35,83.4495
617.4,83.326
617.45,83.3259
617.5,83.2807
617.55,83.1566
617.6,83.0003
617.65,82.8881
617.7,82.87
617.75,83.2338
617.8,83.6685
617.85,83.531
617.9,83.366
617.95,83.42
618,83.4753
618.05,83.5535
618.1,83.4297
618.15,83.5024
618.2,83.3255
618.25,83.3739
618.3,83.2229
618.35,83.0138
618.4,82.799
618.45,83.0881
618.5,82.8699
618.55,82.538
618.6,82.495
618.65,82.2752
618.7,81.6813
618.75,81.0162
618.8,80.4859
618.85,79.8935
618.9,79.0734
618.95,78.1775
619,77.1055
619.05,75.679
619.1,73.7593
619.15,72.1025
619.2,70.143
619.25,67.8169
619.3,65.3109
619.35,62.7376
619.4,59.8977
619.45,56.6526
619.5,53.3823
619.55,50.753
619.6,47.4383
619.65,43.8974
619.7,40.5806
619.75,37.946
619.8,34.8128
619.85,31.9024
619.9,29.1972
619.95,26.9859
620,24.44
620.05,22.1973
620.1,20.2288
620.15,18.4441
620.2,16.6123
620.25,14.9844
620.3,13.5245
620.35,12.4264
620.4,11.2253
620.45,10.1547
620.5,9.2421
620.55,8.5064
620.6,7.716
620.65,6.9712
620.7,6.3549
620.75,5.853
620.8,5.3515
620.85,4.8613
620.9,4.4704
620.95,4.1431
621,3.7857
621.05,3.4459
621.1,3.1822
621.15,2.9684
621.2,2.7397
621.25,2.5416
621.3,2.3371
621.35,2.1395
621.4,2.0216
621.45,1.8965
621.5,1.7565
621.55,1.637
621.6,1.5414
621.65,1.4241
621.7,1.3505
621.75,1.2548
621.8,1.1747
621.85,1.1431
621.9,1.0586
621.95,0.9672
622,0.9421
622.05,0.8876
622.1,0.8538
622.15,0.8146
622.2,0.7764
622.25,0.7325
622.3,0.694
622.35,0.6494
622.4,0.6119
622.45,0.6018
622.5,0.5367
622.55,0.533
622.6,0.5568
622.65,0.5291
622.7,0.4903
622.75,0.4759
622.8,0.4601
622.85,0.4422
622.9,0.3874
622.95,0.367
623,0.3589
623.05,0.3565
623.1,0.3655
623.15,0.3273
623.2,0.3272
623.25,0.3035
623.3,0.3008
623.35,0.3135
623.4,0.2618
623.45,0.2653
623.5,0.276
623.55,0.2466
623.6,0.2407
623.65,0.226
623.7,0.2107
623.75,0.2255
623.8,0.2064
623.85,0.2066
623.9,0.1937
623.95,0.1648
624,0.1614
624.05,0.1906
624.1,0.1738
624.15,0.1403
624.2,0.1535
624.25,0.148
624.3,0.1581
624.35,0.1243
624.4,0.1326
624.45,0.114
624.5,0.128
624.55,0.1621
624.6,0.1404
624.65,0.1348
624.7,0.111
624.75,0.1075
624.8,0.1022
624.85,0.114
624.9,0.1186
624.95,0.1072
625,0.125
625.05,0.1132
625.1,0.1193
625.15,0.0794
625.2,0.0808
625.25,0.093
625.3,0.0886
625.35,0.0693
625.4,0.0934
625.45,0.0827
625.5,0.0644
625.55,0.0723
625.6,0.0732
625.65,0.0574
625.7,0.0606
625.75,0.0555
625.8,0.0536
625.85,0.054
625.9,0.0625
625.95,0.0444
626,0.0616
626.05,0.0663
626.1,0.0506
626.15,0.0506
626.2,0.0492
626.25,0.0294
626.3,0.0661
626.35,0.0511
626.4,0.0556
626.45,0.0188
626.5,0.0257
626.55,0.0414
626.6,0.0484
626.65,0.0167
626.7,0.0341
626.75,0.0216
626.8,0.0269
626.85,0.0308
626.9,0.0451
626.95,0.07
627,0.0326
627.05,0.011
627.1,0.0288
627.15,0.0414
627.2,0.0225
627.25,0.0119
627.3,0.0509
